ARI,QB 22,0,WR 44,0.5,
ARI,QB 22,0,WR 44,0,
ARI,QB 22,0,
ARI,WR 82,0,
ARI,RB 9,0,
ARI,RB 9,0.2,
ARI,QB 22,0.4,WR 44,1.5,
ARI,QB 22,-1,
ARI,WR 122,0,
ARI,QB 22,0,WR 44,0,
ARI,RB 9,0.2,
ARI,RB 9,0.7,
ARI,RB 9,0.1,
ARI,QB 22,0,TE 39,0,
ARI,QB 22,1.08,TE 39,3.2,
ARI,QB 22,0,WR 44,0,
ARI,QB 22,0.88,WR 44,2.7,
ARI,RB 93,0.3,
ARI,QB 22,0.52,TE 61,0,WR 44,-0.2,
ARI,QB 22,0.76,WR 122,2.4,
ARI,RB 93,0.1,
ARI,QB 22,0.6,RB 93,2,
ARI,QB 22,0.88,WR 122,2.7,
ARI,QB 22,0.7,
ARI,QB 22,0,WR 44,0,
ARI,QB 22,0,RB 63,0,
ARI,K 13,4,
ARI,RB 93,0.7,
ARI,QB 22,0.32,WR 44,1.3,
ARI,RB 93,0.2,
ARI,WR 44,0,
ARI,QB 22,0.52,
ARI,QB 22,0,WR 122,0,
ARI,QB 22,0.56,WR 122,1.9,
ARI,QB 22,0.36,RB 93,1.4,
ARI,RB 93,0.3,
ARI,QB 22,0,RB 93,0.5,
ARI,QB 22,0.32,
ARI,QB 22,0,WR 122,0,
ARI,WR 82,0,
ARI,QB 22,0,WR 122,0,
ARI,QB 22,0.24,WR 122,1.1,
ARI,QB 22,0,
ARI,WR 82,0,
ARI,QB 22,0.52,
ARI,QB 22,0.36,
ARI,QB 22,0.24,
ARI,QB 22,0,
ARI,QB 22,-1,WR 44,0,
ARI,QB 22,0,
ARI,QB 22,0.92,
ARI,QB 22,0.44,TE 39,1.6,
ARI,QB 22,1.08,
ARI,QB 22,0.16,
ARI,QB 22,0.48,
ARI,QB 22,4.12,RB 63,6.8,
ARI,RB 63,0,
ARI,K 7,0,WR 122,0,
ARI,RB 9,-0.4,
ARI,QB 22,0.28,RB 9,1.2,WR 53,0,
ARI,QB 22,0,TE 39,0,
ARI,K 7,0,WR 122,0,
ARI,RB 63,0.5,
ARI,QB 22,0,RB 9,0,
ARI,RB 9,0.2,TE 7,0,
ARI,QB 22,0,RB 9,0,
ARI,K 13,0,
ARI,RB 9,0.7,WR 53,0,
ARI,RB 9,0.2,
ARI,RB 108,0.3,
ARI,QB 22,0.52,TE 7,0,
ARI,QB 22,0.08,RB 9,0.7,
ARI,RB 63,0.4,
ARI,QB 22,0,TE 59,0,
ARI,K 7,0,
ARI,QB 22,0.6,RB 9,2,
ARI,QB 22,-1,TE 56,0,
ARI,K 7,0,
ARI,RB 63,0,
ARI,QB 22,0,TE 56,0,
ARI,QB 22,0,
ARI,RB 9,0.3,
ARI,TE 7,0,
ARI,RB 9,0,
ARI,RB 9,0.3,
ARI,QB 22,0.12,TE 39,0.8,WR 53,0,
ARI,RB 63,0.2,
ARI,QB 22,0,
ARI,QB 22,1.3,
ARI,QB 22,0,RB 9,0,WR 53,0,
ARI,QB 22,0.88,
ARI,QB 22,0,WR 44,0,
ARI,QB 22,0.76,TE 39,2.4,
ARI,QB 22,0.04,
ARI,QB 22,0.12,TE 39,0.8,
ARI,QB 22,0,
ARI,K 13,3,
ARI,RB 9,0.3,
ARI,QB 22,-0.3,
ARI,QB 22,0,TE 59,0,
ARI,TE 36,0,TE 56,0,
ARI,K 7,0,
ARI,RB 9,0.5,WR 53,0,
ARI,RB 9,0.3,WR 53,0,
ARI,QB 22,0.04,RB 9,0.6,
ARI,K 7,0,
ARI,QB 22,1.32,
ARI,QB 22,0.56,RB 9,1.9,
ARI,RB 63,0.3,WR 53,0,
ARI,TE 56,0,
ARI,QB 22,0.5,TE 59,0,
ARI,QB 22,0,WR 44,0,
ARI,QB 22,0.04,
ARI,QB 22,0.6,
ARI,QB 22,0.8,
ARI,QB 22,0,
ARI,QB 22,0,
ARI,RB 9,-0.1,
ARI,QB 22,0,WR 56,0,
ARI,QB 22,0.48,
ARI,QB 22,0.2,
ARI,RB 9,1.7,
ARI,QB 22,5.68,WR 44,10.7,
ARI,K 13,1,
ARI,RB 9,0.2,
ARI,QB 22,0,WR 44,0,
ARI,QB 22,1.96,RB 108,5.4,
ARI,QB 22,0.36,
ARI,RB 9,0,
ARI,RB 9,0,
ARI,QB 22,4.48,WR 44,7.7,
ARI,K 13,1,
ARI,QB 22,0.88,WR 56,2.7,
ARI,RB 9,0.4,
ARI,RB 9,0,
ARI,QB 22,0.2,RB 9,1,
ARI,QB 22,1.2,
ARI,QB 22,-1,
ARI,RB 9,0.7,
ARI,RB 9,0.1,
ARI,QB 22,0.16,TE 39,0.9,
ARI,RB 9,0.9,
ARI,RB 9,0.2,
ARI,QB 22,0,WR 44,0,
ARI,QB 22,-0.16,RB 9,0.1,
ARI,QB 22,0,WR 56,0,
ARI,WR 119,0,
ARI,RB 9,0.4,
ARI,QB 22,-1,RB 9,0,
ARI,WR 122,0,
ARI,QB 22,-0.1,
ARI,RB 9,0.3,
ARI,QB 22,0.64,TE 39,2.1,
ARI,RB 108,0.2,
ARI,QB 22,0,
ARI,QB 22,0.16,
ARI,QB 22,0.56,
ARI,RB 9,-0.7,
ARI,RB 63,0.5,
ARI,QB 22,0,WR 44,0,
ARI,WR 119,0,
ARI,RB 63,0.1,
ARI,QB 22,0.16,RB 63,0.9,
ARI,QB 22,0,
ARI,WR 119,0,
ARI,RB 9,-0.1,
ARI,QB 22,1.08,TE 56,3.2,
ARI,QB 22,0.96,RB 9,2.9,
ARI,WR 135,0,
ARI,RB 9,0.1,
ARI,RB 9,-0.1,
ARI,QB 22,0,
ARI,QB 22,0.68,TE 39,2.2,
ARI,RB 9,0.2,
ARI,QB 22,-0.04,RB 9,0.4,
ARI,QB 22,0,WR 135,0,
ARI,WR 119,0,
ARI,RB 9,0,
ARI,QB 22,0.16,
ARI,QB 22,0,
ARI,QB 22,0.44,WR 56,1.6,
ARI,QB 22,-0.1,
ARI,QB 22,-0.1,
ARI,QB 22,-0.1,
ARI,RB 9,0.2,
ARI,RB 9,0.4,
ARI,WR 70,0,
ARI,TE 39,0,
ARI,RB 9,-0.4,
ARI,WR 56,1.7,
ARI,WR 70,0,
ARI,K 21,0,
ARI,K 21,0,WR 122,0,
ARI,WR 44,1.6,
ARI,RB 9,0.3,
ARI,TE 39,0,
ARI,WR 70,0,
ARI,RB 9,0.2,
ARI,RB 9,0.8,
ARI,WR 56,2,
ARI,RB 9,0.1,
ARI,WR 56,1.9,
ARI,RB 9,6.3,
ARI,K 13,1,
ARI,RB 9,1.6,
ARI,RB 9,-0.2,
ARI,WR 56,0.8,
ARI,WR 56,1.9,
ARI,WR 44,0,
ARI,RB 9,0.1,
ARI,WR 56,1.9,
ARI,RB 9,0,
ARI,K 13,4,
ARI,K 21,0,RB 53,0,WR 122,0,
ARI,WR 44,0,
ARI,TE 39,1.2,
ARI,WR 70,0,
ARI,K 21,0,
ARI,RB 9,0.5,
ARI,RB 9,-0.4,
ARI,WR 70,0,
ARI,RB 9,0.3,
ARI,WR 122,0,
ARI,WR 56,1.3,
ARI,RB 9,0.3,
ARI,WR 122,2,
ARI,RB 9,1.1,
ARI,RB 9,0.5,
ARI,TE 56,0,
ARI,RB 93,0,
ARI,RB 9,0.3,
ARI,RB 9,0.1,
ARI,RB 9,0.8,
ARI,WR 56,1.9,
ARI,WR 56,2.3,
ARI,RB 9,-0.1,
ARI,K 13,0,
ARI,QB 22,0.44,TE 56,1.6,
ARI,QB 22,0.4,
ARI,QB 22,1.04,TE 39,3.1,
ARI,QB 22,5.92,
ARI,K 13,1,
ARI,RB 9,-0.1,
ARI,QB 22,0,WR 44,0,
ARI,QB 22,0,WR 56,0,
ARI,WR 70,0,
ARI,RB 93,0.1,
ARI,QB 22,-0.1,
ARI,K 3,0,WR 122,0,
ARI,TE 39,0,
ARI,RB 9,0,
ARI,RB 9,1.6,
ARI,TE 39,1.7,
ARI,RB 9,1.1,
ARI,RB 9,0.5,
ARI,WR 44,0,
ARI,K 3,0,
ARI,WR 44,1.6,
ARI,RB 9,0.3,
ARI,RB 9,0.3,
ARI,WR 139,0,
ARI,K 3,0,
ARI,WR 56,0,
ARI,RB 9,0.3,
ARI,RB 9,0.2,
ARI,RB 9,0.6,
ARI,WR 56,3.6,
ARI,WR 44,0,
ARI,RB 9,0.2,
ARI,RB 9,0.2,
ARI,WR 56,1.4,
ARI,TE 39,0,
ARI,RB 9,0.4,
ARI,TE 39,7.2,
ARI,K 13,1,
ARI,RB 9,0.5,
ARI,RB 93,0.2,
ARI,WR 139,0,
ARI,RB 108,0,
ARI,TE 39,0,
ARI,WR 44,1.7,
ARI,RB 9,2,
ARI,RB 9,2.5,
ARI,TE 39,0,
ARI,RB 9,0,
ARI,K 13,1,
ARI,TE 39,0,
ARI,RB 9,0.7,
ARI,TE 39,0,
ARI,WR 139,0,
ARI,RB 9,0.1,
ARI,WR 44,0.9,
ARI,WR 56,2.5,
ARI,RB 9,1.2,
ARI,WR 122,2,
ARI,WR 139,0,
ARI,RB 9,0.3,
ARI,WR 56,0.5,
ARI,WR 139,0,
ARI,WR 44,1.4,
ARI,RB 9,0.2,
ARI,RB 9,-0.1,
ARI,WR 122,3.2,
ARI,RB 9,1.7,
ARI,WR 56,1.5,
ARI,RB 9,0,
ARI,TE 39,0,
ARI,RB 9,6.6,
ARI,K 13,1,
ARI,RB 93,0.4,
ARI,RB 108,2.3,
ARI,RB 93,0.5,
ARI,RB 93,0,
ARI,RB 93,6.1,
ARI,K 13,1,
ARI,K 3,0,
ARI,RB 9,-0.3,
ARI,RB 9,1,
ARI,RB 9,0.1,
ARI,TE 56,0,
ARI,RB 9,0.2,
ARI,WR 56,0,
ARI,WR 44,0,
ARI,K 4,0,
ARI,RB 9,0.7,
ARI,RB 9,0.2,
ARI,RB 9,1.2,
ARI,WR 56,3.5,
ARI,RB 9,0.2,
ARI,RB 9,0.3,
ARI,RB 9,0.3,
ARI,WR 56,1.8,
ARI,RB 9,0.5,
ARI,RB 9,6.1,
ARI,K 13,1,
ARI,RB 9,0.2,
ARI,WR 56,0.9,
ARI,WR 44,0,
ARI,RB 9,0,
ARI,WR 44,0,
ARI,RB 9,0,
ARI,TE 39,1.7,
ARI,WR 13,0,
ARI,RB 9,2.1,
ARI,RB 9,-0.6,
ARI,WR 56,1.6,
ARI,TE 39,0,
ARI,WR 81,0,
ARI,K 4,0,
ARI,RB 9,0,
ARI,TE 56,0,
ARI,WR 56,14.5,
ARI,K 13,1,
ARI,RB 9,-0.4,
ARI,RB 9,0.2,
ARI,WR 56,0,
ARI,WR 13,0,
ARI,K 4,0,
ARI,RB 9,0,
ARI,WR 13,0,
ARI,RB 9,0.3,
ARI,RB 9,-0.2,
ARI,WR 56,0,
ARI,WR 13,0,
ARI,K 4,0,
ARI,TE 39,0,
ARI,WR 56,2.2,
ARI,RB 9,0.5,
ARI,RB 9,-1.2,
ARI,RB 108,0.9,
ARI,TE 39,0.9,
ARI,WR 44,0,
ARI,WR 13,0,
ARI,RB 9,1.2,
ARI,RB 9,0.6,
ARI,RB 9,0.6,
ARI,RB 9,0.2,
ARI,RB 108,1.4,
ARI,TE 39,0,
ARI,TE 39,0,
ARI,K 13,3,
ARI,K 4,0,
ARI,WR 56,1,
ARI,K 13,1,
ARI,TE 56,1.2,
ARI,WR 56,0.9,
ARI,RB 9,0.3,
ARI,TE 39,1.4,
ARI,TE 39,0,
ARI,RB 9,0.5,
ARI,RB 9,0.2,
ARI,WR 56,1.2,
ARI,RB 9,4.2,
ARI,RB 63,1.3,
ARI,RB 9,0.3,
ARI,RB 9,0.5,
ARI,RB 63,0,
ARI,RB 63,0.1,
ARI,RB 63,6.7,
ARI,K 13,1,
ARI,WR 56,1.2,
ARI,RB 9,0.2,
ARI,RB 9,1,
ARI,RB 9,0,
ARI,TE 56,0,WR 118,0,
ARI,WR 44,2,
ARI,RB 9,-0.3,
ARI,RB 9,0.5,
ARI,WR 44,9.8,
ARI,K 13,1,
ARI,K 29,0,
ARI,RB 9,0.9,
ARI,TE 39,0,
ARI,K 29,0,
ARI,RB 9,0.5,
ARI,RB 9,0,
ARI,RB 9,0.9,
ARI,RB 9,0.3,
ARI,K 29,0,
ARI,RB 63,0.1,
ARI,RB 63,1,
ARI,WR 56,0.8,
ARI,RB 63,0.8,
ARI,RB 63,-0.1,
ARI,RB 9,0,
ARI,K 29,0,
ARI,RB 9,0.7,
ARI,RB 9,0.5,
ARI,RB 9,2.1,
ARI,RB 9,0.4,
ARI,RB 9,1.3,
ARI,RB 9,0.5,
ARI,RB 9,0.6,
ARI,RB 63,6.4,
ARI,K 13,1,
ARI,RB 9,0.2,
ARI,QB 19,0,RB 9,0.3,
ARI,RB 9,0.1,
ARI,WR 56,0,
ARI,WR 122,2.2,
ARI,WR 44,0.4,
ARI,RB 63,-0.5,
ARI,RB 63,2.2,
ARI,WR 128,0,
ARI,RB 9,0.1,
ARI,TE 39,1.6,
ARI,RB 9,0.5,
ARI,RB 63,0.7,
ARI,RB 63,0.3,
ARI,RB 63,-0.1,
ARI,RB 9,1.5,
ARI,RB 9,0.3,
ARI,RB 9,-0.1,
ARI,RB 9,0,
ARI,K 13,4,
ARI,K 30,0,
ARI,TE 39,1.8,
ARI,WR 44,0.4,
ARI,TE 39,0,
ARI,TE 39,0.6,
ARI,WR 85,0,
ARI,RB 9,0.6,
ARI,RB 9,0.2,
ARI,RB 9,0.9,
ARI,RB 9,1.8,
ARI,WR 56,1.4,
ARI,RB 63,0.5,
ARI,RB 63,0,
ARI,WR 85,0,
ARI,WR 44,0,
ARI,RB 9,0.2,
ARI,WR 44,1.8,
ARI,RB 9,1.1,
ARI,WR 44,8.5,
ARI,K 13,1,
ARI,K 30,0,
ARI,RB 9,-0.3,
ARI,RB 63,0.8,
ARI,WR 85,0,
ARI,K 30,0,
ARI,WR 44,2,
ARI,RB 9,0.3,
ARI,WR 44,0,
ARI,WR 85,0,
ARI,TE 39,0,
ARI,RB 9,0.7,
ARI,RB 63,0,
ARI,RB 9,0,
ARI,WR 56,1.6,
ARI,RB 9,0,
ARI,WR 56,8.9,
ARI,K 13,1,
ARI,K 30,0,WR 122,0,
ARI,RB 9,0.3,
ARI,RB 9,0.7,
ARI,WR 56,2.7,
ARI,RB 9,0,
ARI,TE 39,0.7,
ARI,WR 56,2.3,
ARI,RB 9,0.4,
ARI,RB 9,1.4,
ARI,RB 9,0.3,
ARI,K 13,3,
ARI,TE 56,2,
ARI,RB 9,0,
ARI,RB 9,0.8,
ARI,RB 108,1.2,
ARI,RB 9,-0.5,
ARI,WR 56,1.9,
ARI,TE 56,0.5,
ARI,K 13,4,
ARI,RB 9,0,
ARI,RB 9,1.5,
ARI,TE 56,0,
ARI,TE 39,0.3,
ARI,WR 122,0,
ARI,K 13,3,
ARI,RB 9,0.3,
ARI,RB 9,0.6,
ARI,RB 63,0.2,
ARI,WR 44,0,
ARI,RB 9,0,
ARI,RB 9,0.2,
ARI,WR 85,0,
ARI,K 30,0,
ARI,RB 9,0.6,
ARI,RB 9,0.2,
ARI,WR 85,0,
ARI,RB 9,0.2,
ARI,QB 22,0.56,RB 9,0,TE 39,1.9,
ARI,RB 9,0.4,
ARI,QB 22,0.36,WR 56,1.4,
ARI,QB 22,0,
ARI,RB 9,0.2,
ARI,QB 22,0.08,
ARI,QB 22,0.68,RB 9,2.2,
ARI,QB 22,0,WR 44,0,
ARI,QB 22,0,
ARI,TE 39,0,
ARI,QB 22,-0.04,RB 9,0.4,
ARI,QB 22,0,TE 56,0,
ARI,QB 22,0,
ARI,QB 22,0,WR 44,0,
ARI,K 13,3,
ARI,RB 9,-0.2,
ARI,QB 22,0,RB 9,0,
ARI,QB 22,1.32,WR 56,3.8,
ARI,QB 22,0,
ARI,RB 9,0.4,
ARI,RB 9,0,
ARI,QB 22,0.6,WR 56,2,
ARI,QB 22,0,WR 122,0,
ARI,QB 22,0,WR 44,0,
ARI,QB 22,0,
ARI,QB 22,0,
ARI,K 13,4,
ARI,RB 9,0.1,
ARI,RB 9,0.6,
ARI,QB 22,0,WR 56,0,
ARI,WR 104,0,
ARI,QB 22,0.6,RB 9,2,WR 104,0,
ARI,RB 9,0.2,
ARI,RB 9,0,WR 122,-0.1,
ARI,QB 22,0,WR 122,0,
ARI,QB 22,0,
ARI,QB 22,0.2,TE 39,1,WR 15,0,
ARI,RB 9,0.4,WR 15,0,
ARI,RB 108,0,WR 15,0,
ARI,WR 104,0,
ARI,RB 9,6.5,
ARI,K 13,1,
ARI,QB 22,0,TE 39,0,
ARI,RB 63,0.6,
ARI,QB 22,0,RB 63,0,
ARI,WR 104,0,
ARI,QB 22,0,RB 9,0,
ARI,QB 22,0,
ARI,QB 22,0.28,WR 44,1.2,
ARI,WR 104,0,
ARI,QB 22,0,WR 15,0,WR 56,0,
ARI,QB 22,0.08,
ARI,QB 22,0,
ARI,WR 104,0,
ARI,RB 9,0.1,
ARI,WR 104,0,
ARI,RB 9,0,
ARI,RB 9,0.1,
ARI,WR 56,0,
ARI,RB 9,14.6,
ARI,K 13,1,
ARI,RB 9,0.5,
ARI,RB 9,0.2,
ARI,WR 122,0,
ARI,WR 44,0,
ARI,RB 9,-0.4,
ARI,WR 56,0,
ARI,WR 104,0,
ARI,WR 44,0,
ARI,RB 9,-0.1,
ARI,WR 44,0,
ARI,WR 104,0,
ARI,K 8,0,
ARI,RB 9,0.4,
ARI,QB 22,0.08,
ARI,QB 22,1.44,WR 44,4.1,
ARI,QB 22,0,WR 44,0,
ARI,RB 9,0.5,
ARI,QB 22,0,RB 9,0,
ARI,K 13,5,
ARI,K 13,0,K 8,0,
ARI,K 8,0,QB 22,0.6,TE 39,2,
ARI,RB 9,0.4,
ARI,QB 22,0.2,TE 39,1,
ARI,QB 22,0,
ARI,QB 22,0.2,
ARI,QB 22,0.28,RB 9,1.2,
ARI,RB 9,0.4,
ARI,RB 9,0.1,
ARI,QB 22,0,RB 9,0.5,
ARI,QB 22,0,WR 122,0,
ARI,QB 22,0,
ARI,RB 63,0.2,
ARI,WR 122,0.4,
ARI,QB 22,0.2,WR 122,0,
ARI,RB 9,0.2,
ARI,QB 22,0,WR 44,0,
ARI,QB 22,0,WR 122,0,
ARI,K 13,3,
ARI,K 13,0,K 8,0,
ARI,K 8,0,QB 22,0.52,WR 44,1.8,
ARI,QB 22,0,
ARI,QB 22,0,WR 56,0,
ARI,QB 22,0,
ARI,QB 22,1.3,
ARI,QB 22,0,
ARI,QB 22,0,WR 56,0,
ARI,RB 9,0.5,
ARI,RB 9,0.2,
ARI,QB 22,0,WR 56,0,
ARI,QB 22,1.8,WR 44,5,
ARI,QB 22,0,WR 44,0,
ARI,RB 9,0.6,
ARI,QB 22,0.32,WR 122,1.3,
ARI,QB 22,4.96,
ARI,K 13,1,
ARI,RB 9,0.4,
ARI,QB 22,0.7,
ARI,RB 9,0.3,
ARI,QB 22,0.24,RB 9,1.1,
ARI,QB 22,4.84,
ARI,K 13,1,
ARI,QB 22,0,WR 44,0,
ARI,WR 122,0.4,WR 44,1.5,
ARI,RB 9,-0.2,
ARI,QB 22,0,
ARI,QB 22,0.52,TE 39,1.8,
ARI,RB 9,0.2,
ARI,QB 22,0.4,WR 44,1.5,
ARI,QB 22,0,WR 56,0,
ARI,WR 44,0,
ARI,QB 22,0.96,WR 56,2.9,
ARI,QB 22,0.24,WR 56,1.1,
ARI,RB 9,-0.4,
ARI,QB 22,0.16,WR 56,-1.1,
ARI,RB 9,0.2,
ARI,QB 22,0,TE 61,0,
ARI,RB 9,0.1,
ARI,RB 9,0.3,
ARI,RB 9,2,
ARI,QB 22,-0.3,
ARI,QB 22,-0.1,
ARI,QB 22,-0.2,
ARI,K 13,3,
ARI,WR 68,0,
ARI,QB 22,0.76,WR 44,2.4,
ARI,QB 22,0,TE 39,0,
ARI,QB 22,0.68,WR 56,2.2,
ARI,RB 9,2.2,
ARI,QB 22,0,RB 9,0,
ARI,QB 22,0,
ARI,QB 22,0,RB 9,0,
ARI,QB 22,0.28,WR 56,1.2,
ARI,K 13,1,
ARI,QB 22,0,
ARI,QB 22,0.12,
ARI,RB 9,1.5,
ARI,RB 9,-0.1,
ARI,QB 22,0,WR 56,0,
ARI,WR 128,0,
ARI,QB 22,0,WR 56,0,
ARI,K 13,4,
ARI,RB 9,0.1,
ARI,QB 22,0.08,WR 56,0.7,
ARI,QB 22,0.8,
ARI,QB 22,0.36,WR 56,1.4,
ARI,RB 9,0.3,
ARI,QB 22,0,WR 44,0,
ARI,QB 22,0.24,WR 56,1.1,
ARI,WR 100,0,
ARI,RB 108,0,WR 122,0,WR 68,0,
ARI,QB 22,1.28,TE 39,3.7,
ARI,QB 22,0,WR 44,0,
ARI,QB 22,-0.1,
ARI,QB 22,0,
ARI,QB 22,0,WR 44,0,
ARI,RB 9,0.9,
ARI,RB 9,0,
ARI,RB 9,0.4,
ARI,QB 22,0,
ARI,WR 100,0,
ARI,WR 122,0,WR 68,0,
ARI,QB 22,0.2,
ARI,RB 9,0.4,
ARI,RB 108,0.2,WR 128,0,
ARI,QB 22,0.4,RB 9,1.5,
ARI,WR 128,0,
ARI,QB 22,0,
ARI,RB 9,1.5,
ARI,QB 22,0.4,WR 56,1.5,
ARI,QB 22,0.44,TE 39,1.6,
ARI,QB 22,0,RB 108,0,
ARI,QB 22,0,
ARI,QB 22,0,WR 56,0,
ARI,K 13,3,
ARI,QB 22,0,WR 44,0,
ARI,RB 9,0.7,
ARI,QB 22,0,WR 56,0,
ARI,K 13,3,
ARI,RB 9,0.1,
ARI,QB 22,0.64,
ARI,RB 9,0.3,
ARI,QB 22,0,WR 44,0,
ARI,RB 9,0.6,
ARI,WR 100,0,
ARI,RB 9,0.2,
ARI,K 13,3,
ARI,QB 22,-0.1,
ARI,K 11,0,WR 120,0,WR 122,0,
ARI,RB 9,0,
ARI,TE 39,2.5,
ARI,WR 122,0,
ARI,WR 44,0,
ARI,WR 65,0,
ARI,WR 44,6.8,
ARI,RB 16,0,RB 9,0.5,
ARI,RB 9,-2,
ARI,WR 44,0.2,
ARI,TE 56,0,
ARI,WR 44,0,
ARI,RB 9,0.1,
ARI,RB 9,1.3,
ARI,RB 16,0,WR 44,3.4,
ARI,RB 16,0,RB 9,1,
ARI,K 13,3,
ARI,WR 44,0.7,
ARI,K 11,0,WR 122,0,
ARI,RB 9,1,
ARI,RB 9,1,
ARI,WR 122,3,
ARI,K 13,4,
ARI,K 11,0,WR 122,0,
ARI,RB 9,0,
ARI,RB 9,0.4,
ARI,RB 108,1.2,
ARI,RB 9,0,
ARI,RB 9,0.1,
ARI,K 11,0,
ARI,RB 9,0.6,
ARI,RB 9,0.5,
ARI,WR 65,0,
ARI,TE 56,0,
ARI,TE 56,2.1,
ARI,RB 9,0.7,
ARI,RB 9,1.6,
ARI,RB 9,-0.1,
ARI,RB 63,0.5,
ARI,RB 16,0,RB 63,1.6,
ARI,RB 63,1,
ARI,WR 56,0,
ARI,RB 63,7,
ARI,WR 56,0,
ARI,WR 122,0.9,
ARI,WR 44,1.4,
ARI,RB 9,1.8,
ARI,WR 56,2.7,
ARI,WR 56,0,
ARI,WR 44,2.1,
ARI,WR 56,0,
