TB,RB 38,0,
TB,RB 38,0.4,
TB,QB 23,0,
TB,K 31,3,
TB,RB 38,1,
TB,QB 23,0.2,WR 14,1,
TB,QB 23,0.36,WR 28,1.4,
TB,RB 38,0.2,
TB,RB 38,0.4,
TB,RB 49,0.3,
TB,QB 23,0,WR 28,0,
TB,RB 38,0.3,
TB,QB 23,0.68,
TB,QB 23,0.6,WR 28,2,
TB,RB 38,0.6,
TB,RB 38,0.6,
TB,QB 23,0,WR 14,0,
TB,QB 23,0.32,RB 49,1.3,
TB,RB 38,0.6,
TB,RB 38,6.7,
TB,K 31,1,
TB,RB 38,0,
TB,RB 38,0.7,
TB,QB 23,0,WR 14,0,
TB,K 17,0,RB 58,0,RB 89,0,
TB,QB 23,0,
TB,QB 23,0.48,RB 58,1.7,
TB,QB 23,-1,WR 28,0,
TB,RB 58,1.1,
TB,K 17,0,
TB,RB 38,0.2,
TB,WR 14,0,
TB,RB 49,-0.2,
TB,QB 23,0.44,RB 49,1.6,
TB,RB 58,0,
TB,RB 38,0.1,
TB,RB 38,-0.2,
TB,RB 38,0.2,
TB,WR 101,0,
TB,K 17,0,
TB,RB 49,0.5,
TB,QB 23,0.36,RB 49,1.4,
TB,QB 23,0,
TB,K 31,4,
TB,RB 38,0.1,
TB,QB 23,0.12,RB 38,0.8,
TB,QB 23,0,WR 14,0,
TB,RB 49,-0.1,
TB,QB 23,0.92,WR 14,2.8,
TB,QB 23,0,WR 14,0,
TB,RB 49,0.1,
TB,QB 23,0.84,RB 49,2.6,
TB,QB 23,0,WR 83,0,
TB,RB 38,-0.1,
TB,QB 23,0,
TB,QB 23,0,WR 83,0,
TB,QB 23,0.28,WR 83,1.2,
TB,QB 23,0.32,WR 14,1.3,
TB,QB 23,0,WR 83,0,
TB,QB 23,1.16,RB 58,3.4,
TB,QB 23,0,WR 14,0,
TB,QB 23,0,
TB,QB 23,0,WR 83,0,
TB,QB 23,0.52,WR 14,1.8,
TB,QB 23,0,WR 14,0,
TB,RB 38,0.1,
TB,QB 23,0.48,WR 28,1.7,
TB,RB 38,0.7,
TB,RB 38,0,
TB,QB 23,0.16,RB 38,0.9,
TB,QB 23,0.24,TE 71,1.1,
TB,QB 23,0,WR 14,0,
TB,QB 23,0.24,RB 58,1.1,
TB,QB 23,0.2,TE 40,1,
TB,RB 38,-0.2,WR 127,0,
TB,QB 23,-1,TE 40,0,
TB,RB 49,-0.1,
TB,QB 23,0.08,RB 49,0.7,TE 57,0,
TB,QB 23,0.44,TE 40,1.6,
TB,RB 49,0.5,
TB,RB 49,1,
TB,QB 23,4.76,WR 14,8.4,
TB,K 31,1,
TB,RB 38,0.2,
TB,QB 23,0.2,
TB,RB 58,0,
TB,RB 49,0.3,
TB,QB 23,0,RB 49,0,
TB,QB 23,0,WR 28,0,
TB,RB 38,0.3,
TB,RB 38,1,
TB,QB 23,0,WR 28,0,
TB,RB 38,0,
TB,QB 23,0,TE 40,0,
TB,QB 23,0.48,WR 14,1.7,
TB,QB 23,2.16,WR 83,5.9,
TB,QB 23,0,RB 58,0,
TB,QB 23,0.08,RB 58,0.7,
TB,QB 23,0,RB 58,0,
TB,QB 23,1.08,WR 28,3.2,
TB,QB 23,0.16,RB 58,0.9,
TB,QB 23,0.36,TE 42,1.4,
TB,QB 23,0,
TB,QB 23,0,WR 28,0,
TB,QB 23,0,WR 14,0,
TB,K 31,3,
TB,K 22,0,
TB,RB 38,0.1,
TB,QB 23,0,RB 38,0,
TB,QB 23,0,
TB,QB 23,0,RB 38,0,
TB,K 22,0,
TB,RB 49,0.5,
TB,QB 23,0,WR 14,0,
TB,QB 23,0,
TB,RB 38,0.3,TE 57,0,
TB,QB 23,0,WR 14,0,
TB,QB 23,1,
TB,RB 38,0.2,
TB,QB 23,-2,WR 14,0,
TB,K 22,0,WR 127,0,
TB,QB 23,-1,RB 49,0,WR 83,0,
TB,K 22,0,
TB,QB 23,0.32,WR 83,1.3,
TB,QB 23,0.64,WR 14,2.1,
TB,QB 23,0,WR 28,0,
TB,QB 23,0.88,WR 83,2.7,
TB,RB 58,0.3,
TB,QB 23,0.96,WR 28,0.9,
TB,QB 23,0.24,RB 58,1.1,
TB,QB 23,0.56,WR 28,1.9,
TB,QB 23,0,WR 14,0,
TB,QB 23,0.16,WR 83,0.9,
TB,QB 23,0,WR 14,0,
TB,QB 23,0.68,WR 83,2.2,
TB,QB 23,0,WR 83,0,
TB,QB 23,0,TE 71,0,
TB,QB 23,1.6,WR 28,4.5,
TB,QB 23,0,WR 127,0,
TB,QB 23,0,
TB,QB 23,0,WR 83,0,
TB,K 31,3,
TB,QB 23,0.36,RB 49,1.4,
TB,QB 23,0,WR 14,0,
TB,RB 49,0,
TB,QB 23,0,
TB,QB 23,0.32,WR 83,1.3,
TB,RB 58,-0.1,
TB,QB 23,0,WR 28,0,
TB,QB 23,0.64,WR 28,2.1,
TB,RB 58,0.2,
TB,QB 23,0.3,
TB,QB 23,0,
TB,K 31,3,
TB,RB 49,0.4,
TB,RB 49,1.1,
TB,RB 49,1.2,
TB,RB 49,-0.2,
TB,QB 23,0.28,TE 40,1.2,
TB,QB 23,0,WR 83,0,
TB,RB 58,0,
TB,QB 23,2.04,WR 14,5.6,
TB,RB 49,0.2,
TB,QB 23,0,RB 58,0,
TB,QB 23,0,WR 14,0,
TB,K 31,3,
TB,RB 49,0.2,
TB,QB 23,0.72,WR 14,2.3,
TB,RB 49,0,
TB,QB 23,0.16,RB 49,0.9,
TB,QB 23,0,WR 83,0,
TB,WR 85,0,
TB,K 30,0,
TB,QB 23,0,
TB,K 30,0,
TB,QB 23,0.36,WR 28,1.4,
TB,QB 23,0,WR 83,0,
TB,RB 49,0.2,
TB,RB 49,0.4,
TB,QB 23,0.08,RB 49,0.7,
TB,QB 23,0,WR 14,0,
TB,RB 58,0,WR 85,0,
TB,RB 58,0.1,
TB,QB 23,0.84,TE 42,2.6,
TB,RB 58,0.2,
TB,QB 23,5.44,WR 14,10.1,
TB,K 31,1,
TB,RB 49,-0.4,
TB,QB 23,0,
TB,QB 23,0.2,WR 14,1,
TB,QB 23,1.36,WR 14,3.9,
TB,QB 23,0.36,WR 14,1.4,
TB,QB 23,6.24,WR 14,12.1,
TB,K 31,1,
TB,RB 49,-0.1,
TB,QB 23,0,RB 49,0,
TB,QB 23,0.08,RB 49,0.7,
TB,RB 49,0.4,
TB,QB 23,0.72,WR 28,2.3,
TB,QB 23,0,
TB,RB 49,0.2,
TB,QB 23,0.5,
TB,QB 23,0.16,WR 14,0.9,
TB,QB 23,0,
TB,QB 23,0.28,TE 40,1.2,
TB,QB 23,0.36,WR 14,1.4,
TB,TE 40,0,
TB,QB 23,0.2,RB 58,1,
TB,QB 23,0.32,WR 28,1.3,
TB,RB 49,0.1,
TB,QB 23,0.32,WR 28,1.3,
TB,QB 23,0.5,
TB,QB 23,0,RB 58,0,
TB,QB 23,0,TE 40,0,
TB,QB 23,0.44,RB 58,1.6,
TB,RB 58,-0.5,
TB,QB 23,0,TE 40,0,
TB,QB 23,0.7,
TB,K 31,5,
TB,RB 49,0.3,
TB,TE 40,0,
TB,QB 23,0.36,WR 28,1.4,
TB,QB 23,0,WR 28,0,
TB,WR 82,0,
TB,QB 23,0,WR 28,0,
TB,QB 23,0.32,WR 28,1.3,
TB,QB 23,0.24,WR 28,1.1,
TB,RB 58,0.7,
TB,RB 58,0.1,
TB,QB 23,0,WR 28,0,
TB,QB 23,1.1,
TB,QB 23,0.52,TE 40,1.8,
TB,QB 23,0,TE 40,0,
TB,QB 23,0.76,WR 28,2.4,
TB,QB 23,0.64,WR 14,2.1,
TB,QB 23,0.1,
TB,QB 23,0.16,RB 49,0.9,
TB,QB 23,4.88,WR 14,8.7,
TB,K 31,1,
TB,RB 65,0,
TB,RB 49,0.5,
TB,RB 49,0.4,
TB,QB 23,0,WR 14,0,
TB,QB 23,1.5,
TB,RB 49,0.6,
TB,QB 23,0,TE 40,0,
TB,QB 23,0.32,WR 28,1.3,
TB,RB 49,0,
TB,RB 49,-1.8,
TB,RB 58,0.2,
TB,QB 23,0,WR 14,0,
TB,QB 23,0.68,WR 14,2.2,
TB,RB 58,0.1,
TB,RB 58,0.8,
TB,QB 23,4.04,TE 40,6.6,
TB,K 31,1,
TB,QB 23,0.24,TE 40,1.1,
TB,RB 49,0.2,
TB,QB 23,0,
TB,QB 23,0.36,RB 58,1.4,
TB,QB 23,0,
TB,QB 23,1.36,WR 14,3.9,
TB,QB 23,0.68,RB 58,2.2,
TB,QB 23,0.36,WR 28,1.4,
TB,QB 23,0,
TB,QB 23,0.12,TE 40,0.8,
TB,QB 23,0.92,WR 14,2.8,
TB,QB 23,-1,WR 28,0,
TB,QB 23,0.48,WR 83,1.7,
TB,QB 23,0,
TB,QB 23,0.52,RB 49,1.8,
TB,QB 23,0,
TB,QB 23,0,
TB,QB 23,0,WR 83,0,
TB,QB 23,-1,WR 28,0,
TB,K 25,0,
TB,QB 36,0,RB 58,0,
TB,RB 58,0.5,
TB,QB 36,0.9,
TB,RB 58,1,
TB,QB 36,0.16,WR 14,0.9,
TB,RB 58,0.4,
TB,QB 36,1.08,WR 14,3.2,
TB,QB 36,0,WR 28,0,
TB,RB 58,0.3,
TB,QB 36,0,RB 58,0,
TB,K 31,0,TE 71,0,
TB,K 25,0,
TB,QB 36,0,TE 40,0,
TB,QB 36,0,WR 28,0,
TB,QB 36,1.36,RB 58,3.9,WR 28,0,
TB,QB 36,0,WR 14,0,
TB,QB 36,0,WR 28,0,
TB,K 31,0,
TB,RB 58,0.4,
TB,QB 36,0,WR 28,0,
TB,RB 58,0.3,
TB,QB 36,0.44,WR 28,1.6,
TB,QB 36,-1,WR 14,0,
TB,K 25,0,
TB,QB 36,0.44,WR 28,1.6,
TB,RB 58,0.7,
TB,RB 58,0.9,
TB,RB 58,0,WR 1,0,
TB,RB 58,0.4,WR 1,0,
TB,RB 58,2.1,
TB,QB 36,0,
TB,RB 58,0.3,
TB,QB 36,4.96,WR 14,8.9,
TB,K 31,1,
TB,RB 58,-0.5,WR 1,0,
TB,RB 58,0,
TB,QB 36,-1,WR 14,0,WR 28,0,
TB,RB 58,0.9,
TB,RB 58,0.4,
TB,QB 36,0.88,WR 28,2.7,
TB,RB 58,-0.1,WR 1,0,
TB,QB 36,0.12,TE 40,0.8,
TB,QB 36,0.5,
TB,K 31,4,
TB,K 25,0,
TB,K 25,0,QB 36,0.68,WR 28,2.2,
TB,RB 58,-0.1,
TB,QB 36,0.4,WR 28,1.5,
TB,RB 58,0,
TB,QB 36,0.36,WR 83,1.4,
TB,QB 36,0.6,WR 28,2,
TB,QB 36,4.96,WR 14,8.9,
TB,K 31,1,
TB,QB 36,0.2,WR 14,1,
TB,QB 36,0,WR 83,0,
TB,QB 36,0,WR 28,0,
TB,RB 58,0.4,
TB,QB 36,0,
TB,K 25,0,
TB,QB 36,0.16,WR 83,0.9,
TB,RB 58,0.4,
TB,QB 36,0,WR 14,0,
TB,QB 36,0.3,
TB,QB 36,1.24,WR 14,3.6,
TB,QB 36,0.36,WR 14,1.4,
TB,QB 36,0,WR 28,0,
TB,QB 36,0,WR 83,0,
TB,WR 14,0,
TB,QB 36,0,TE 40,0,
TB,K 23,0,
TB,RB 38,0.7,
TB,RB 38,0.3,
TB,QB 36,0.44,WR 14,1.6,
TB,RB 38,0,
TB,RB 38,0.3,
TB,QB 36,0.24,RB 58,1.1,
TB,QB 36,0.2,
TB,RB 38,0,
TB,QB 36,-1,WR 14,0,
TB,QB 36,0.08,RB 38,0.7,
TB,RB 38,0.5,
TB,QB 36,0.16,WR 14,0.9,
TB,RB 38,0.3,
TB,QB 36,0,WR 28,0,
TB,QB 36,0,WR 28,0,
TB,QB 36,0,WR 14,0,
TB,RB 58,0.3,
TB,RB 58,1.3,
TB,RB 38,0.3,
TB,QB 36,0,TE 40,0,
TB,QB 36,0,TE 42,0,
TB,QB 36,0.16,WR 83,0.9,
TB,QB 36,0.5,
TB,QB 36,0.16,RB 58,0.9,
TB,QB 36,0,
TB,QB 36,0,
TB,RB 38,0.2,
TB,QB 36,-0.12,RB 38,0.2,
TB,QB 36,0,WR 28,0,
TB,K 23,0,
TB,RB 38,0.1,
TB,QB 36,0.36,TE 40,1.4,
TB,RB 58,0.1,
TB,RB 58,0.1,
TB,QB 36,0.6,
TB,QB 36,0,
TB,RB 58,0,
TB,QB 36,0.44,RB 58,1.6,
TB,RB 58,0.1,
TB,QB 36,0.12,TE 42,0.8,
TB,QB 36,0,WR 28,0,
TB,K 31,5,
TB,QB 36,1.6,WR 14,4.5,
TB,RB 58,0,
TB,QB 36,0.44,RB 58,1.6,
TB,RB 58,0.4,
TB,QB 36,0,
TB,QB 36,0,RB 58,0.5,
TB,K 31,4,
TB,QB 36,0,WR 14,0,
TB,QB 36,0.52,WR 28,1.8,
TB,QB 36,0.36,RB 58,1.4,
TB,QB 36,0.92,WR 14,2.8,
TB,QB 36,0,
TB,QB 36,0.28,WR 83,1.2,
TB,RB 58,0.2,
TB,QB 36,4.28,TE 40,7.2,
TB,K 31,1,
TB,K 23,0,
TB,QB 36,0.4,TE 40,-0.5,
TB,K 6,0,
TB,QB 36,0,WR 28,0,
TB,RB 38,0.5,
TB,WR 28,0,
TB,QB 36,1,WR 14,3,
TB,QB 36,0,WR 28,0,
TB,RB 38,0,
TB,QB 36,-1,WR 83,0,
TB,K 6,0,
TB,RB 38,-0.1,
TB,RB 38,0,
TB,QB 36,0,WR 14,0,
TB,WR 135,0,
TB,K 6,0,
TB,RB 58,0,
TB,QB 36,0,
TB,QB 36,0,RB 58,0,
TB,WR 135,0,
TB,K 6,0,
TB,QB 36,0,WR 28,0,
TB,QB 36,0,RB 38,0,
TB,QB 36,0,WR 83,0,
TB,K 6,0,
TB,RB 38,0.1,
TB,QB 36,0.08,WR 14,0.7,
TB,QB 36,0,
TB,WR 135,0,
TB,K 6,0,
TB,RB 58,0.5,
TB,RB 58,0.2,
TB,QB 36,0.56,TE 40,1.9,
TB,RB 58,0.2,
TB,QB 36,0,RB 58,0,
TB,QB 36,0,WR 14,0,
TB,QB 36,0.12,RB 38,0.8,
TB,QB 36,0.72,WR 28,2.3,
TB,QB 36,0,WR 14,0,
TB,QB 36,0.12,TE 42,0.8,
TB,QB 36,1.32,WR 28,3.8,
TB,QB 36,0,
TB,QB 36,0.44,WR 14,1.6,
TB,QB 36,0,WR 28,0,
TB,K 31,0,
TB,K 6,0,
TB,RB 38,0.5,
TB,QB 36,0.4,WR 83,1.5,
TB,QB 36,1.2,TE 40,3.5,
TB,QB 36,0.36,WR 83,1.4,
TB,RB 38,0.4,
TB,QB 36,0,
TB,RB 38,0.5,
TB,QB 36,0,WR 28,0,
TB,K 31,4,
TB,RB 38,1.9,
TB,QB 36,1.04,TE 42,3.1,
TB,RB 38,0.4,
TB,QB 36,0.32,WR 28,1.3,
TB,RB 38,0.3,
TB,QB 36,0,WR 28,0,
TB,QB 36,4.68,WR 14,8.2,
TB,K 31,1,
TB,K 6,0,
TB,RB 58,1,
TB,QB 36,0.96,WR 83,2.9,
TB,QB 36,0.64,
TB,RB 58,2.1,
TB,RB 58,0.2,
TB,QB 36,4.12,WR 83,6.8,
TB,K 31,1,
TB,K 6,0,
TB,QB 36,0.36,WR 83,1.4,
TB,QB 36,0.28,WR 28,1.2,
TB,QB 36,0.24,TE 40,1.1,
TB,QB 36,0.4,WR 83,1.5,
TB,QB 36,0.28,WR 83,1.2,
TB,QB 36,0.6,
TB,QB 36,0.32,TE 40,1.3,
TB,QB 36,0,RB 58,0,
TB,QB 36,0,TE 40,0,
TB,QB 36,0,
TB,QB 36,0,WR 28,0,
TB,QB 36,0,WR 14,0,
TB,QB 36,0,WR 28,0,
TB,QB 36,0,WR 28,0,
TB,RB 38,0.2,
TB,QB 36,0,WR 28,0,
TB,QB 36,0,TE 40,0,
TB,QB 36,0,TE 40,0,
TB,RB 38,0.3,
TB,QB 36,0.36,RB 46,0,WR 28,1.4,
TB,RB 38,0.5,
TB,QB 36,0,WR 28,0,
TB,QB 36,0.32,RB 46,0,RB 58,1.3,
TB,RB 38,0.3,
TB,RB 38,0.1,
TB,RB 38,-0.5,
TB,QB 36,0,WR 83,0,
TB,QB 36,0,RB 38,0,
TB,RB 81,0,
TB,TE 59,0,
TB,QB 36,1.28,WR 28,3.7,
TB,RB 58,0.1,
TB,QB 36,-1,WR 83,0,
TB,QB 36,0.48,WR 28,1.7,
TB,QB 36,0,WR 28,0,
TB,QB 36,0.36,WR 83,1.4,
TB,RB 38,0.2,
TB,TE 40,0,
TB,RB 46,0,RB 58,0.2,
TB,QB 36,0.4,RB 58,1.5,
TB,QB 36,0,WR 83,0,
TB,K 31,5,
TB,QB 36,0.68,WR 28,2.2,
TB,QB 36,0,WR 28,0.5,
TB,QB 36,0.12,RB 58,0.8,
TB,QB 36,4.8,WR 83,8.5,
TB,K 31,1,
TB,RB 38,0.1,
TB,QB 36,0.04,RB 38,0.6,
TB,QB 36,0.8,RB 38,2.5,RB 46,0,
TB,RB 38,0.3,
TB,QB 36,0.32,RB 38,1.3,
TB,QB 36,0.92,RB 46,0,WR 28,2.8,
TB,RB 58,6.9,
TB,K 31,1,WR 83,0,
TB,RB 38,0.2,
TB,QB 36,0.68,WR 28,2.2,
TB,RB 38,0.1,
TB,RB 38,1.1,
TB,QB 36,0,RB 38,0,
TB,QB 36,0.44,TE 40,1.6,
TB,RB 58,0,
TB,QB 36,1.36,WR 28,3.9,
TB,RB 58,0.1,
TB,QB 36,4.36,
TB,K 31,1,
TB,QB 36,0,
TB,RB 38,0,
TB,QB 36,0,
TB,RB 58,0.8,
TB,QB 36,0.24,WR 83,1.1,
TB,QB 36,0,WR 28,0,
TB,QB 36,0,RB 58,0,
TB,QB 36,0,WR 83,0,
TB,RB 38,1.6,
TB,RB 38,0.2,
TB,QB 36,4.28,WR 14,7.2,
TB,K 31,1,
TB,QB 36,0,WR 28,0,
TB,RB 38,0.5,
TB,RB 38,0.3,
TB,QB 36,0,WR 14,0,
TB,QB 36,0,WR 28,0,
TB,K 31,5,
TB,K 9,0,WR 113,0,
TB,RB 38,-0.4,
TB,QB 36,0,WR 14,0,
TB,RB 38,0.2,
TB,WR 2,0,
TB,K 9,0,
TB,QB 36,0.64,TE 40,2.1,
TB,RB 38,0.9,
TB,RB 38,0.3,
TB,QB 36,0,
TB,QB 36,0.36,RB 38,1.4,
TB,QB 36,0,WR 83,0,
TB,K 9,0,
TB,QB 36,0.36,WR 28,1.4,
TB,RB 58,0.3,
TB,QB 36,0,WR 28,0,
TB,QB 36,0,
TB,QB 36,0,
TB,RB 58,-0.1,
TB,QB 36,0.64,RB 58,2.1,
TB,WR 2,0,
TB,K 9,0,
TB,QB 36,0.28,TE 40,1.2,
TB,RB 38,0.7,
TB,QB 36,0,TE 42,0,
TB,QB 36,0,WR 83,0,
TB,QB 36,0.72,WR 28,2.3,
TB,QB 36,1.6,WR 14,4.5,
TB,QB 36,0,WR 28,0,
TB,RB 38,6.3,
TB,K 31,1,
TB,K 9,0,
TB,QB 36,0,TE 40,0,
TB,RB 38,0.2,
TB,QB 36,0.68,WR 14,2.2,
TB,RB 38,0.4,
TB,QB 36,0.04,WR 14,0.6,
TB,QB 36,0.28,WR 83,1.2,
TB,QB 36,-1,WR 14,0,
TB,QB 36,0.28,RB 38,1.2,
TB,RB 38,0.3,
TB,RB 38,0,
TB,QB 36,0,TE 40,0,
TB,QB 36,0.2,WR 83,1,
TB,QB 36,1.24,WR 83,3.6,
TB,RB 38,0.1,
TB,QB 36,0,WR 83,0,
TB,QB 36,0,WR 83,0,
TB,K 31,3,
TB,QB 36,0.2,WR 83,1,
TB,QB 36,0,TE 40,0,
TB,QB 36,0.88,
TB,RB 58,-0.3,
TB,QB 36,0,
TB,WR 83,0,
TB,QB 36,0.84,TE 40,2.6,
TB,QB 36,0.4,WR 83,1.5,
TB,QB 36,0.32,
TB,RB 58,0.3,
TB,RB 58,0,WR 28,0,
TB,QB 36,0,TE 40,0,
TB,QB 36,0,WR 83,0,
TB,QB 36,0,WR 28,0,
TB,QB 36,0,RB 58,0,
TB,QB 36,1.64,WR 83,4.6,
TB,QB 36,0,
TB,QB 36,0,WR 28,0,
TB,QB 36,4.2,WR 28,7,
TB,K 31,1,
TB,RB 58,0.1,
TB,QB 23,0.2,TE 42,1,
TB,QB 23,0,RB 58,0,
TB,QB 23,0,WR 28,0,
TB,QB 23,0,
TB,QB 23,-1,WR 28,0,
TB,RB 58,0,
TB,QB 23,0.52,RB 58,-0.2,
TB,QB 23,0,WR 28,0,
TB,QB 23,-0.2,
TB,WR 82,0,
TB,QB 23,0,
TB,WR 82,0,
TB,TE 71,0,
TB,QB 23,1.44,WR 14,4.1,
TB,QB 23,0.36,RB 58,1.4,
TB,QB 23,0,
TB,QB 23,0,WR 28,0,
TB,WR 82,0,
TB,QB 36,0.2,
TB,QB 36,0,WR 28,0,
TB,QB 36,0.24,WR 14,1.1,
TB,QB 36,0,
TB,QB 36,0,WR 14,0,
TB,QB 36,0.04,WR 14,0.6,
TB,WR 82,0,
TB,QB 36,0,WR 135,0,WR 14,0,
TB,RB 58,0.4,
TB,QB 36,0.04,RB 58,0.6,
TB,QB 36,1.9,
TB,QB 36,0,WR 14,0,
TB,RB 58,-1.7,
TB,QB 36,0,WR 28,0,
TB,QB 36,0,WR 28,0,
TB,RB 58,0,WR 82,0,
TB,QB 36,0,
TB,QB 36,0.16,TE 71,0.9,
TB,QB 36,0.44,TE 71,1.6,
TB,RB 58,0.5,
TB,QB 36,0.36,WR 14,1.4,
TB,QB 36,0.32,TE 42,1.3,
TB,RB 58,0.4,
TB,QB 36,0.4,RB 58,1.5,
TB,RB 58,0.5,
TB,RB 58,0.8,
TB,QB 36,0,
TB,QB 36,0,
TB,QB 36,0.44,RB 58,1.6,
TB,RB 58,0.2,
TB,QB 36,0.24,RB 58,1.1,
TB,QB 36,0.56,RB 58,1.9,
TB,QB 36,0.36,TE 42,1.4,
TB,QB 36,0.48,WR 28,1.7,
TB,QB 36,0.28,TE 42,1.2,
TB,RB 58,0.1,
TB,QB 36,4.12,WR 28,6.8,
TB,K 31,1,
TB,QB 36,0.16,TE 42,0.9,
TB,QB 36,0,
TB,RB 58,0.8,
TB,K 21,0,
TB,QB 23,0.36,TE 42,1.4,
TB,QB 23,0,RB 58,2.4,
TB,RB 58,0.4,
TB,RB 58,0,
TB,RB 58,-0.2,
TB,QB 23,0.32,
TB,QB 23,0.2,WR 14,1,
TB,QB 23,0.12,
TB,QB 23,6.5,
TB,K 31,1,
TB,K 21,0,K 31,0,
TB,RB 58,0.2,
TB,RB 58,0.8,
TB,RB 58,-0.1,
TB,QB 23,0.56,RB 58,1.9,
TB,QB 23,0.28,WR 14,1.2,
TB,QB 23,0.96,TE 42,2.9,
TB,QB 23,0.32,WR 14,1.3,
TB,QB 23,0,RB 58,1.9,
TB,QB 23,-1,WR 28,0,
TB,RB 58,-0.1,
TB,QB 23,0.28,WR 28,1.2,
TB,QB 23,0,
TB,WR 70,0,
TB,RB 58,0.1,
TB,RB 58,0.7,
TB,RB 58,-0.2,
TB,K 21,0,
TB,QB 23,-0.12,RB 58,0.2,
TB,QB 23,0,WR 28,0,
TB,RB 58,0.8,
TB,QB 23,0.24,WR 28,1.1,
TB,QB 23,0.72,WR 28,2.3,
TB,RB 58,0.1,
TB,QB 23,0.8,WR 28,2.5,
TB,RB 58,0.4,
TB,RB 58,1,
TB,QB 23,6.1,RB 58,0,
TB,K 31,1,
TB,K 21,0,
TB,QB 23,0,
TB,RB 58,1.8,
TB,RB 58,-0.3,
TB,RB 58,0.6,
TB,RB 58,0.3,
TB,K 31,0,
TB,K 21,0,
TB,QB 23,0.2,
TB,QB 23,0,WR 28,0,
TB,RB 58,0.7,
TB,RB 58,3.1,
TB,K 31,3,
TB,K 21,0,
TB,QB 23,0.76,RB 58,2.4,
TB,QB 23,0,
TB,QB 23,1.16,WR 14,3.4,
TB,RB 38,0.1,
TB,QB 23,0,WR 28,0,
TB,QB 23,1.04,TE 40,3.1,
TB,QB 23,0.16,WR 14,0.9,
TB,QB 23,0,WR 28,0,
TB,QB 23,0,
TB,RB 38,0.2,
TB,QB 23,-1,TE 40,0,
TB,K 28,0,
TB,RB 38,-0.3,
TB,RB 38,0.2,
TB,QB 23,0.24,TE 42,1.1,
TB,QB 23,0,WR 28,0,
TB,RB 38,0.1,
TB,QB 23,0,WR 28,0,
TB,K 28,0,
TB,QB 23,0,WR 14,0,
TB,QB 23,0.28,RB 38,1.2,
TB,QB 23,0.24,WR 28,1.1,WR 48,0,
TB,RB 38,0.4,
TB,QB 23,1.1,
TB,RB 38,0.4,
TB,QB 23,0.28,WR 28,1.2,
TB,QB 23,0.16,TE 42,0.9,
TB,QB 23,0.4,WR 14,1.5,
TB,RB 38,0,
TB,RB 38,-0.2,
TB,QB 23,0,
TB,QB 23,0.24,WR 14,1.1,
TB,RB 58,0.3,
TB,QB 23,0.3,
TB,QB 23,0,TE 42,0,
TB,RB 58,0.1,
TB,QB 23,-1,TE 42,0,WR 14,0,
TB,K 28,0,
TB,QB 23,0.32,TE 71,1.3,
TB,QB 23,0,RB 38,0,
TB,QB 23,0.04,
TB,QB 23,0.24,WR 14,1.1,
TB,QB 23,0.28,TE 42,1.2,
TB,QB 23,0,WR 28,0,
TB,QB 23,0.32,WR 28,1.3,
TB,QB 23,0.28,TE 42,1.2,
TB,QB 23,4.76,
TB,K 31,1,
TB,QB 23,0,TE 42,0,
TB,QB 23,0.32,TE 42,1.3,
TB,RB 58,0.6,WR 48,0,
TB,QB 23,0.6,WR 28,2,
TB,QB 23,0.44,WR 14,1.6,
TB,QB 23,1.3,
TB,RB 58,0.2,
TB,QB 23,0,WR 14,0,
TB,QB 23,4.24,RB 58,7.1,
TB,K 31,1,
TB,QB 23,0.08,RB 58,-1.3,
TB,K 28,0,
TB,QB 23,0,WR 14,0,
TB,QB 23,0,WR 14,0,WR 48,0,
TB,QB 23,0.36,TE 42,1.4,
